{"cameraMode":{"drawMode":0,"name":"Shaded","section":"Shading Mode"},"sceneLighting":true,"audioPlay":false,"sceneViewState":{"showFog":true,"showMaterialUpdate":false,"showSkybox":true,"showFlares":true,"showImageEffects":true,"showParticleSystems":true},"in2DMode":false,"pivot":{"x":-0.09000000357627869,"y":0.49999988079071047,"z":2.25},"rotation":{"x":0.20949754118919373,"y":-0.1936001032590866,"z":0.04235813766717911,"w":0.9575153589248657},"size":1.9584684371948243,"orthographic":false}